update,sampled_reward,loss,entropy,validation_relative_regret,elapsed_seconds
1,0.1766734418010441,0.757996063160745,4.558958179675599,0.8789013781454179,0.002279151000038837
100,0.19114444512718728,0.3027790540390973,4.4728442384676725,0.35417858164788824,0.13519775200006734
200,0.33598199782218113,0.10000129313132604,2.942104475494821,0.27882893078099213,0.257412739000074
300,0.39907784846670846,-0.3823394406156936,1.3145552788445345,0.22861553633154447,0.3813494000000901
400,0.41058245964653983,-0.8002065740119301,0.8525403289144189,0.20990799283040393,0.515481821000094
500,0.42969893607915755,-0.2755287223385289,0.6858199525932472,0.18458645682840852,0.6434887830000662
600,0.41576820487588284,-0.14503314349134233,0.7341105708188413,0.1554653391646874,0.7815933230000383
700,0.41296067333671843,-0.27099912102228785,0.7252266568791945,0.15459984547546374,0.9089282350000758
800,0.40517992606819586,-0.03401785825007895,0.6330753572298955,0.13287015378409606,1.0328167000000121
900,0.4443028891913925,-0.34351495739023574,0.5042704731458689,0.12528620647903052,1.1597370450000426
1000,0.4316920866450359,-0.16433694361932052,0.5626354802568402,0.12202647469549666,1.2961470750000217
1100,0.49336422377974043,0.06057428957906522,0.37288959803125565,0.11370089703564568,1.4126872030000186
1200,0.46565212965766195,0.032691050719278344,0.35452044975084607,0.11430768177362993,1.531761027000016
1300,0.4779855810499989,-0.013622982755674785,0.4147445241533675,0.10572681779398428,1.656125373000009
1400,0.44739582451439225,-0.1576811036684308,0.24678640376106692,0.11042314586235792,1.7895177030000013
1500,0.4344932596682688,-0.0211189931017045,0.31711120410467264,0.10781776923211192,1.9057430860000295
