schedule,cnot_count,single_faults,unflagged_hook_faults,decoder_conflicts,single_fault_recovery_failures,incoming_error_recovery_failures,certified,example_missed_fault_indices
0123FF,6,94,12,4,4,0,False,"[18, 19, 22]"
012F3F,6,94,12,4,4,0,False,"[18, 19, 22]"
012FF3,6,94,12,4,4,0,False,"[18, 19, 22]"
0132FF,6,94,12,4,4,0,False,"[18, 19, 22]"
013F2F,6,94,12,4,4,0,False,"[18, 19, 22]"
013FF2,6,94,12,4,4,0,False,"[18, 19, 22]"
01F23F,6,94,10,6,6,0,False,"[18, 19, 22]"
01F2F3,6,94,10,6,6,0,False,"[18, 19, 22]"
01F32F,6,94,10,6,6,0,False,"[18, 19, 22]"
01F3F2,6,94,10,6,6,0,False,"[18, 19, 22]"
01FF23,6,94,20,12,12,0,False,"[18, 19, 22]"
01FF32,6,94,20,12,12,0,False,"[18, 19, 22]"
0213FF,6,94,12,4,4,0,False,"[18, 19, 22]"
021F3F,6,94,12,4,4,0,False,"[18, 19, 22]"
021FF3,6,94,12,4,4,0,False,"[18, 19, 22]"
0231FF,6,94,12,4,4,0,False,"[18, 19, 22]"
023F1F,6,94,12,4,4,0,False,"[18, 19, 22]"
023FF1,6,94,12,4,4,0,False,"[18, 19, 22]"
02F13F,6,94,10,6,6,0,False,"[18, 19, 22]"
02F1F3,6,94,10,6,6,0,False,"[18, 19, 22]"
02F31F,6,94,10,6,6,0,False,"[18, 19, 22]"
02F3F1,6,94,10,6,6,0,False,"[18, 19, 22]"
02FF13,6,94,20,12,12,0,False,"[18, 19, 22]"
02FF31,6,94,20,12,12,0,False,"[18, 19, 22]"
0312FF,6,94,12,4,4,0,False,"[18, 19, 22]"
031F2F,6,94,12,4,4,0,False,"[18, 19, 22]"
031FF2,6,94,12,4,4,0,False,"[18, 19, 22]"
0321FF,6,94,12,4,4,0,False,"[18, 19, 22]"
032F1F,6,94,12,4,4,0,False,"[18, 19, 22]"
032FF1,6,94,12,4,4,0,False,"[18, 19, 22]"
03F12F,6,94,10,6,6,0,False,"[18, 19, 22]"
03F1F2,6,94,10,6,6,0,False,"[18, 19, 22]"
03F21F,6,94,10,6,6,0,False,"[18, 19, 22]"
03F2F1,6,94,10,6,6,0,False,"[18, 19, 22]"
03FF12,6,94,20,12,12,0,False,"[18, 19, 22]"
03FF21,6,94,20,12,12,0,False,"[18, 19, 22]"
0F123F,6,94,0,0,0,0,True,[]
0F12F3,6,94,0,0,0,0,True,[]
0F132F,6,94,0,0,0,0,True,[]
0F13F2,6,94,0,0,0,0,True,[]
0F1F23,6,94,10,6,6,0,False,"[48, 49, 52]"
0F1F32,6,94,10,6,6,0,False,"[48, 49, 52]"
0F213F,6,94,0,0,0,0,True,[]
0F21F3,6,94,0,0,0,0,True,[]
0F231F,6,94,0,0,0,0,True,[]
0F23F1,6,94,0,0,0,0,True,[]
0F2F13,6,94,10,6,6,0,False,"[48, 49, 52]"
0F2F31,6,94,10,6,6,0,False,"[48, 49, 52]"
0F312F,6,94,0,0,0,0,True,[]
0F31F2,6,94,0,0,0,0,True,[]
0F321F,6,94,0,0,0,0,True,[]
0F32F1,6,94,0,0,0,0,True,[]
0F3F12,6,94,10,6,6,0,False,"[48, 49, 52]"
0F3F21,6,94,10,6,6,0,False,"[48, 49, 52]"
0FF123,6,94,12,4,4,0,False,"[48, 49, 52]"
0FF132,6,94,12,4,4,0,False,"[48, 49, 52]"
0FF213,6,94,12,4,4,0,False,"[48, 49, 52]"
0FF231,6,94,12,4,4,0,False,"[48, 49, 52]"
0FF312,6,94,12,4,4,0,False,"[48, 49, 52]"
0FF321,6,94,12,4,4,0,False,"[48, 49, 52]"
1023FF,6,94,12,4,4,0,False,"[18, 19, 22]"
102F3F,6,94,12,4,4,0,False,"[18, 19, 22]"
102FF3,6,94,12,4,4,0,False,"[18, 19, 22]"
1032FF,6,94,12,4,4,0,False,"[18, 19, 22]"
103F2F,6,94,12,4,4,0,False,"[18, 19, 22]"
103FF2,6,94,12,4,4,0,False,"[18, 19, 22]"
10F23F,6,94,10,6,6,0,False,"[18, 19, 22]"
10F2F3,6,94,10,6,6,0,False,"[18, 19, 22]"
10F32F,6,94,10,6,6,0,False,"[18, 19, 22]"
10F3F2,6,94,10,6,6,0,False,"[18, 19, 22]"
10FF23,6,94,20,12,12,0,False,"[18, 19, 22]"
10FF32,6,94,20,12,12,0,False,"[18, 19, 22]"
1203FF,6,94,12,4,4,0,False,"[18, 19, 22]"
120F3F,6,94,12,4,4,0,False,"[18, 19, 22]"
120FF3,6,94,12,4,4,0,False,"[18, 19, 22]"
1230FF,6,94,12,4,4,0,False,"[18, 19, 22]"
123F0F,6,94,12,4,4,0,False,"[18, 19, 22]"
123FF0,6,94,12,4,4,0,False,"[18, 19, 22]"
12F03F,6,94,10,6,6,0,False,"[18, 19, 22]"
12F0F3,6,94,10,6,6,0,False,"[18, 19, 22]"
12F30F,6,94,10,6,6,0,False,"[18, 19, 22]"
12F3F0,6,94,10,6,6,0,False,"[18, 19, 22]"
12FF03,6,94,20,12,12,0,False,"[18, 19, 22]"
12FF30,6,94,20,12,12,0,False,"[18, 19, 22]"
1302FF,6,94,12,4,4,0,False,"[18, 19, 22]"
130F2F,6,94,12,4,4,0,False,"[18, 19, 22]"
130FF2,6,94,12,4,4,0,False,"[18, 19, 22]"
1320FF,6,94,12,4,4,0,False,"[18, 19, 22]"
132F0F,6,94,12,4,4,0,False,"[18, 19, 22]"
132FF0,6,94,12,4,4,0,False,"[18, 19, 22]"
13F02F,6,94,10,6,6,0,False,"[18, 19, 22]"
13F0F2,6,94,10,6,6,0,False,"[18, 19, 22]"
13F20F,6,94,10,6,6,0,False,"[18, 19, 22]"
13F2F0,6,94,10,6,6,0,False,"[18, 19, 22]"
13FF02,6,94,20,12,12,0,False,"[18, 19, 22]"
13FF20,6,94,20,12,12,0,False,"[18, 19, 22]"
1F023F,6,94,0,0,0,0,True,[]
1F02F3,6,94,0,0,0,0,True,[]
1F032F,6,94,0,0,0,0,True,[]
1F03F2,6,94,0,0,0,0,True,[]
1F0F23,6,94,10,6,6,0,False,"[48, 49, 52]"
1F0F32,6,94,10,6,6,0,False,"[48, 49, 52]"
1F203F,6,94,0,0,0,0,True,[]
1F20F3,6,94,0,0,0,0,True,[]
1F230F,6,94,0,0,0,0,True,[]
1F23F0,6,94,0,0,0,0,True,[]
1F2F03,6,94,10,6,6,0,False,"[48, 49, 52]"
1F2F30,6,94,10,6,6,0,False,"[48, 49, 52]"
1F302F,6,94,0,0,0,0,True,[]
1F30F2,6,94,0,0,0,0,True,[]
1F320F,6,94,0,0,0,0,True,[]
1F32F0,6,94,0,0,0,0,True,[]
1F3F02,6,94,10,6,6,0,False,"[48, 49, 52]"
1F3F20,6,94,10,6,6,0,False,"[48, 49, 52]"
1FF023,6,94,12,4,4,0,False,"[48, 49, 52]"
1FF032,6,94,12,4,4,0,False,"[48, 49, 52]"
1FF203,6,94,12,4,4,0,False,"[48, 49, 52]"
1FF230,6,94,12,4,4,0,False,"[48, 49, 52]"
1FF302,6,94,12,4,4,0,False,"[48, 49, 52]"
1FF320,6,94,12,4,4,0,False,"[48, 49, 52]"
2013FF,6,94,12,4,4,0,False,"[18, 19, 22]"
201F3F,6,94,12,4,4,0,False,"[18, 19, 22]"
201FF3,6,94,12,4,4,0,False,"[18, 19, 22]"
2031FF,6,94,12,4,4,0,False,"[18, 19, 22]"
203F1F,6,94,12,4,4,0,False,"[18, 19, 22]"
203FF1,6,94,12,4,4,0,False,"[18, 19, 22]"
20F13F,6,94,10,6,6,0,False,"[18, 19, 22]"
20F1F3,6,94,10,6,6,0,False,"[18, 19, 22]"
20F31F,6,94,10,6,6,0,False,"[18, 19, 22]"
20F3F1,6,94,10,6,6,0,False,"[18, 19, 22]"
20FF13,6,94,20,12,12,0,False,"[18, 19, 22]"
20FF31,6,94,20,12,12,0,False,"[18, 19, 22]"
2103FF,6,94,12,4,4,0,False,"[18, 19, 22]"
210F3F,6,94,12,4,4,0,False,"[18, 19, 22]"
210FF3,6,94,12,4,4,0,False,"[18, 19, 22]"
2130FF,6,94,12,4,4,0,False,"[18, 19, 22]"
213F0F,6,94,12,4,4,0,False,"[18, 19, 22]"
213FF0,6,94,12,4,4,0,False,"[18, 19, 22]"
21F03F,6,94,10,6,6,0,False,"[18, 19, 22]"
21F0F3,6,94,10,6,6,0,False,"[18, 19, 22]"
21F30F,6,94,10,6,6,0,False,"[18, 19, 22]"
21F3F0,6,94,10,6,6,0,False,"[18, 19, 22]"
21FF03,6,94,20,12,12,0,False,"[18, 19, 22]"
21FF30,6,94,20,12,12,0,False,"[18, 19, 22]"
2301FF,6,94,12,4,4,0,False,"[18, 19, 22]"
230F1F,6,94,12,4,4,0,False,"[18, 19, 22]"
230FF1,6,94,12,4,4,0,False,"[18, 19, 22]"
2310FF,6,94,12,4,4,0,False,"[18, 19, 22]"
231F0F,6,94,12,4,4,0,False,"[18, 19, 22]"
231FF0,6,94,12,4,4,0,False,"[18, 19, 22]"
23F01F,6,94,10,6,6,0,False,"[18, 19, 22]"
23F0F1,6,94,10,6,6,0,False,"[18, 19, 22]"
23F10F,6,94,10,6,6,0,False,"[18, 19, 22]"
23F1F0,6,94,10,6,6,0,False,"[18, 19, 22]"
23FF01,6,94,20,12,12,0,False,"[18, 19, 22]"
23FF10,6,94,20,12,12,0,False,"[18, 19, 22]"
2F013F,6,94,0,0,0,0,True,[]
2F01F3,6,94,0,0,0,0,True,[]
2F031F,6,94,0,0,0,0,True,[]
2F03F1,6,94,0,0,0,0,True,[]
2F0F13,6,94,10,6,6,0,False,"[48, 49, 52]"
2F0F31,6,94,10,6,6,0,False,"[48, 49, 52]"
2F103F,6,94,0,0,0,0,True,[]
2F10F3,6,94,0,0,0,0,True,[]
2F130F,6,94,0,0,0,0,True,[]
2F13F0,6,94,0,0,0,0,True,[]
2F1F03,6,94,10,6,6,0,False,"[48, 49, 52]"
2F1F30,6,94,10,6,6,0,False,"[48, 49, 52]"
2F301F,6,94,0,0,0,0,True,[]
2F30F1,6,94,0,0,0,0,True,[]
2F310F,6,94,0,0,0,0,True,[]
2F31F0,6,94,0,0,0,0,True,[]
2F3F01,6,94,10,6,6,0,False,"[48, 49, 52]"
2F3F10,6,94,10,6,6,0,False,"[48, 49, 52]"
2FF013,6,94,12,4,4,0,False,"[48, 49, 52]"
2FF031,6,94,12,4,4,0,False,"[48, 49, 52]"
2FF103,6,94,12,4,4,0,False,"[48, 49, 52]"
2FF130,6,94,12,4,4,0,False,"[48, 49, 52]"
2FF301,6,94,12,4,4,0,False,"[48, 49, 52]"
2FF310,6,94,12,4,4,0,False,"[48, 49, 52]"
3012FF,6,94,12,4,4,0,False,"[18, 19, 22]"
301F2F,6,94,12,4,4,0,False,"[18, 19, 22]"
301FF2,6,94,12,4,4,0,False,"[18, 19, 22]"
3021FF,6,94,12,4,4,0,False,"[18, 19, 22]"
302F1F,6,94,12,4,4,0,False,"[18, 19, 22]"
302FF1,6,94,12,4,4,0,False,"[18, 19, 22]"
30F12F,6,94,10,6,6,0,False,"[18, 19, 22]"
30F1F2,6,94,10,6,6,0,False,"[18, 19, 22]"
30F21F,6,94,10,6,6,0,False,"[18, 19, 22]"
30F2F1,6,94,10,6,6,0,False,"[18, 19, 22]"
30FF12,6,94,20,12,12,0,False,"[18, 19, 22]"
30FF21,6,94,20,12,12,0,False,"[18, 19, 22]"
3102FF,6,94,12,4,4,0,False,"[18, 19, 22]"
310F2F,6,94,12,4,4,0,False,"[18, 19, 22]"
310FF2,6,94,12,4,4,0,False,"[18, 19, 22]"
3120FF,6,94,12,4,4,0,False,"[18, 19, 22]"
312F0F,6,94,12,4,4,0,False,"[18, 19, 22]"
312FF0,6,94,12,4,4,0,False,"[18, 19, 22]"
31F02F,6,94,10,6,6,0,False,"[18, 19, 22]"
31F0F2,6,94,10,6,6,0,False,"[18, 19, 22]"
31F20F,6,94,10,6,6,0,False,"[18, 19, 22]"
31F2F0,6,94,10,6,6,0,False,"[18, 19, 22]"
31FF02,6,94,20,12,12,0,False,"[18, 19, 22]"
31FF20,6,94,20,12,12,0,False,"[18, 19, 22]"
3201FF,6,94,12,4,4,0,False,"[18, 19, 22]"
320F1F,6,94,12,4,4,0,False,"[18, 19, 22]"
320FF1,6,94,12,4,4,0,False,"[18, 19, 22]"
3210FF,6,94,12,4,4,0,False,"[18, 19, 22]"
321F0F,6,94,12,4,4,0,False,"[18, 19, 22]"
321FF0,6,94,12,4,4,0,False,"[18, 19, 22]"
32F01F,6,94,10,6,6,0,False,"[18, 19, 22]"
32F0F1,6,94,10,6,6,0,False,"[18, 19, 22]"
32F10F,6,94,10,6,6,0,False,"[18, 19, 22]"
32F1F0,6,94,10,6,6,0,False,"[18, 19, 22]"
32FF01,6,94,20,12,12,0,False,"[18, 19, 22]"
32FF10,6,94,20,12,12,0,False,"[18, 19, 22]"
3F012F,6,94,0,0,0,0,True,[]
3F01F2,6,94,0,0,0,0,True,[]
3F021F,6,94,0,0,0,0,True,[]
3F02F1,6,94,0,0,0,0,True,[]
3F0F12,6,94,10,6,6,0,False,"[48, 49, 52]"
3F0F21,6,94,10,6,6,0,False,"[48, 49, 52]"
3F102F,6,94,0,0,0,0,True,[]
3F10F2,6,94,0,0,0,0,True,[]
3F120F,6,94,0,0,0,0,True,[]
3F12F0,6,94,0,0,0,0,True,[]
3F1F02,6,94,10,6,6,0,False,"[48, 49, 52]"
3F1F20,6,94,10,6,6,0,False,"[48, 49, 52]"
3F201F,6,94,0,0,0,0,True,[]
3F20F1,6,94,0,0,0,0,True,[]
3F210F,6,94,0,0,0,0,True,[]
3F21F0,6,94,0,0,0,0,True,[]
3F2F01,6,94,10,6,6,0,False,"[48, 49, 52]"
3F2F10,6,94,10,6,6,0,False,"[48, 49, 52]"
3FF012,6,94,12,4,4,0,False,"[48, 49, 52]"
3FF021,6,94,12,4,4,0,False,"[48, 49, 52]"
3FF102,6,94,12,4,4,0,False,"[48, 49, 52]"
3FF120,6,94,12,4,4,0,False,"[48, 49, 52]"
3FF201,6,94,12,4,4,0,False,"[48, 49, 52]"
3FF210,6,94,12,4,4,0,False,"[48, 49, 52]"
F0123F,6,94,0,0,0,0,True,[]
F012F3,6,94,0,0,0,0,True,[]
F0132F,6,94,0,0,0,0,True,[]
F013F2,6,94,0,0,0,0,True,[]
F01F23,6,94,10,6,6,0,False,"[48, 49, 52]"
F01F32,6,94,10,6,6,0,False,"[48, 49, 52]"
F0213F,6,94,0,0,0,0,True,[]
F021F3,6,94,0,0,0,0,True,[]
F0231F,6,94,0,0,0,0,True,[]
F023F1,6,94,0,0,0,0,True,[]
F02F13,6,94,10,6,6,0,False,"[48, 49, 52]"
F02F31,6,94,10,6,6,0,False,"[48, 49, 52]"
F0312F,6,94,0,0,0,0,True,[]
F031F2,6,94,0,0,0,0,True,[]
F0321F,6,94,0,0,0,0,True,[]
F032F1,6,94,0,0,0,0,True,[]
F03F12,6,94,10,6,6,0,False,"[48, 49, 52]"
F03F21,6,94,10,6,6,0,False,"[48, 49, 52]"
F0F123,6,94,12,4,4,0,False,"[48, 49, 52]"
F0F132,6,94,12,4,4,0,False,"[48, 49, 52]"
F0F213,6,94,12,4,4,0,False,"[48, 49, 52]"
F0F231,6,94,12,4,4,0,False,"[48, 49, 52]"
F0F312,6,94,12,4,4,0,False,"[48, 49, 52]"
F0F321,6,94,12,4,4,0,False,"[48, 49, 52]"
F1023F,6,94,0,0,0,0,True,[]
F102F3,6,94,0,0,0,0,True,[]
F1032F,6,94,0,0,0,0,True,[]
F103F2,6,94,0,0,0,0,True,[]
F10F23,6,94,10,6,6,0,False,"[48, 49, 52]"
F10F32,6,94,10,6,6,0,False,"[48, 49, 52]"
F1203F,6,94,0,0,0,0,True,[]
F120F3,6,94,0,0,0,0,True,[]
F1230F,6,94,0,0,0,0,True,[]
F123F0,6,94,0,0,0,0,True,[]
F12F03,6,94,10,6,6,0,False,"[48, 49, 52]"
F12F30,6,94,10,6,6,0,False,"[48, 49, 52]"
F1302F,6,94,0,0,0,0,True,[]
F130F2,6,94,0,0,0,0,True,[]
F1320F,6,94,0,0,0,0,True,[]
F132F0,6,94,0,0,0,0,True,[]
F13F02,6,94,10,6,6,0,False,"[48, 49, 52]"
F13F20,6,94,10,6,6,0,False,"[48, 49, 52]"
F1F023,6,94,12,4,4,0,False,"[48, 49, 52]"
F1F032,6,94,12,4,4,0,False,"[48, 49, 52]"
F1F203,6,94,12,4,4,0,False,"[48, 49, 52]"
F1F230,6,94,12,4,4,0,False,"[48, 49, 52]"
F1F302,6,94,12,4,4,0,False,"[48, 49, 52]"
F1F320,6,94,12,4,4,0,False,"[48, 49, 52]"
F2013F,6,94,0,0,0,0,True,[]
F201F3,6,94,0,0,0,0,True,[]
F2031F,6,94,0,0,0,0,True,[]
F203F1,6,94,0,0,0,0,True,[]
F20F13,6,94,10,6,6,0,False,"[48, 49, 52]"
F20F31,6,94,10,6,6,0,False,"[48, 49, 52]"
F2103F,6,94,0,0,0,0,True,[]
F210F3,6,94,0,0,0,0,True,[]
F2130F,6,94,0,0,0,0,True,[]
F213F0,6,94,0,0,0,0,True,[]
F21F03,6,94,10,6,6,0,False,"[48, 49, 52]"
F21F30,6,94,10,6,6,0,False,"[48, 49, 52]"
F2301F,6,94,0,0,0,0,True,[]
F230F1,6,94,0,0,0,0,True,[]
F2310F,6,94,0,0,0,0,True,[]
F231F0,6,94,0,0,0,0,True,[]
F23F01,6,94,10,6,6,0,False,"[48, 49, 52]"
F23F10,6,94,10,6,6,0,False,"[48, 49, 52]"
F2F013,6,94,12,4,4,0,False,"[48, 49, 52]"
F2F031,6,94,12,4,4,0,False,"[48, 49, 52]"
F2F103,6,94,12,4,4,0,False,"[48, 49, 52]"
F2F130,6,94,12,4,4,0,False,"[48, 49, 52]"
F2F301,6,94,12,4,4,0,False,"[48, 49, 52]"
F2F310,6,94,12,4,4,0,False,"[48, 49, 52]"
F3012F,6,94,0,0,0,0,True,[]
F301F2,6,94,0,0,0,0,True,[]
F3021F,6,94,0,0,0,0,True,[]
F302F1,6,94,0,0,0,0,True,[]
F30F12,6,94,10,6,6,0,False,"[48, 49, 52]"
F30F21,6,94,10,6,6,0,False,"[48, 49, 52]"
F3102F,6,94,0,0,0,0,True,[]
F310F2,6,94,0,0,0,0,True,[]
F3120F,6,94,0,0,0,0,True,[]
F312F0,6,94,0,0,0,0,True,[]
F31F02,6,94,10,6,6,0,False,"[48, 49, 52]"
F31F20,6,94,10,6,6,0,False,"[48, 49, 52]"
F3201F,6,94,0,0,0,0,True,[]
F320F1,6,94,0,0,0,0,True,[]
F3210F,6,94,0,0,0,0,True,[]
F321F0,6,94,0,0,0,0,True,[]
F32F01,6,94,10,6,6,0,False,"[48, 49, 52]"
F32F10,6,94,10,6,6,0,False,"[48, 49, 52]"
F3F012,6,94,12,4,4,0,False,"[48, 49, 52]"
F3F021,6,94,12,4,4,0,False,"[48, 49, 52]"
F3F102,6,94,12,4,4,0,False,"[48, 49, 52]"
F3F120,6,94,12,4,4,0,False,"[48, 49, 52]"
F3F201,6,94,12,4,4,0,False,"[48, 49, 52]"
F3F210,6,94,12,4,4,0,False,"[48, 49, 52]"
FF0123,6,94,12,4,4,0,False,"[48, 49, 52]"
FF0132,6,94,12,4,4,0,False,"[48, 49, 52]"
FF0213,6,94,12,4,4,0,False,"[48, 49, 52]"
FF0231,6,94,12,4,4,0,False,"[48, 49, 52]"
FF0312,6,94,12,4,4,0,False,"[48, 49, 52]"
FF0321,6,94,12,4,4,0,False,"[48, 49, 52]"
FF1023,6,94,12,4,4,0,False,"[48, 49, 52]"
FF1032,6,94,12,4,4,0,False,"[48, 49, 52]"
FF1203,6,94,12,4,4,0,False,"[48, 49, 52]"
FF1230,6,94,12,4,4,0,False,"[48, 49, 52]"
FF1302,6,94,12,4,4,0,False,"[48, 49, 52]"
FF1320,6,94,12,4,4,0,False,"[48, 49, 52]"
FF2013,6,94,12,4,4,0,False,"[48, 49, 52]"
FF2031,6,94,12,4,4,0,False,"[48, 49, 52]"
FF2103,6,94,12,4,4,0,False,"[48, 49, 52]"
FF2130,6,94,12,4,4,0,False,"[48, 49, 52]"
FF2301,6,94,12,4,4,0,False,"[48, 49, 52]"
FF2310,6,94,12,4,4,0,False,"[48, 49, 52]"
FF3012,6,94,12,4,4,0,False,"[48, 49, 52]"
FF3021,6,94,12,4,4,0,False,"[48, 49, 52]"
FF3102,6,94,12,4,4,0,False,"[48, 49, 52]"
FF3120,6,94,12,4,4,0,False,"[48, 49, 52]"
FF3201,6,94,12,4,4,0,False,"[48, 49, 52]"
FF3210,6,94,12,4,4,0,False,"[48, 49, 52]"
